url,depart,arrive,cabin
https://www.google.com/travel/flights/search?tfs=CBwQAhoiEgoyMDI1LTA1LTEzMgJHOWoHCAESA1NISnIHCAESA01MRRoiEgoyMDI1LTA1LTE3MgJHOWoHCAESA01MRXIHCAESA1NISkABSAFwAYIBCwj___________8BmAEB&tfu=EgoIABAAGAAgASgI&hl=en&gl=IN&curr=USD,SHJ,MLE,ECO
https://www.google.com/travel/flights/search?tfs=CBwQAhoiEgoyMDI1LTEwLTAxMgJHOWoHCAESA1NISnIHCAESA0dPWBoiEgoyMDI1LTEwLTA1MgJHOWoHCAESA0dPWHIHCAESA1NISkABSAFwAYIBCwj___________8BmAEB&tfu=EgoIABAAGAAgASgI&hl=en&gl=IN&curr=USD,SHJ,GOX,ECO
https://www.google.com/travel/flights/search?tfs=CBwQAhoiEgoyMDI1LTEwLTAxMgJHOWoHCAESA1NISnIHCAESA0tVTBoiEgoyMDI1LTEwLTA1MgJHOWoHCAESA0tVTHIHCAESA1NISkABSAFwAYIBCwj___________8BmAEB&tfu=EgoIABAAGAAgASgI&hl=en&gl=IN&curr=USD,SHJ,KUL,ECO
https://www.google.com/travel/flights/search?tfs=CBwQAhoiEgoyMDI1LTEwLTAxMgJHOWoHCAESA1NISnIHCAESA0hLVBoiEgoyMDI1LTEwLTA1MgJHOWoHCAESA0hLVHIHCAESA1NISkABSAFwAYIBCwj___________8BmAEB&tfu=EgoIABAAGAAgASgI&hl=en&gl=IN&curr=USD,SHJ,HKT,ECO
https://www.google.com/travel/flights/search?tfs=CBwQAhoiEgoyMDI1LTEwLTAxMgJHOWoHCAESA1NISnIHCAESA0JLSxoiEgoyMDI1LTEwLTA1MgJHOWoHCAESA0JLS3IHCAESA1NISkABSAFwAYIBCwj___________8BmAEB&tfu=EgoIABAAGAAgASgI&hl=en&gl=IN&curr=USD,SHJ,BKK,ECO
https://www.google.com/travel/flights/search?tfs=CBwQAhoiEgoyMDI1LTEwLTAxMgJHOWoHCAESA1NISnIHCAESA1RBUxoiEgoyMDI1LTEwLTA1MgJHOWoHCAESA1RBU3IHCAESA1NISkABSAFwAYIBCwj___________8BmAEB&tfu=EgoIABAAGAAgASgI&hl=en&gl=IN&curr=USD,SHJ,TAS,ECO
https://www.google.com/travel/flights/search?tfs=CBwQAhoiEgoyMDI1LTEwLTAyMgJHOWoHCAESA1NISnIHCAESA0ZSVRoiEgoyMDI1LTEwLTA1MgJHOWoHCAESA0ZSVXIHCAESA1NISkABSAFwAYIBCwj___________8BmAEB&tfu=EgoIABAAGAAgASgI&hl=en&gl=IN&curr=USD,SHJ,FRU,ECO
https://www.google.com/travel/flights/search?tfs=CBwQAhoiEgoyMDI1LTEwLTAyMgJHOWoHCAESA1NISnIHCAESA1NWWBoiEgoyMDI1LTEwLTA1MgJHOWoHCAESA1NWWHIHCAESA1NISkABSAFwAYIBCwj___________8BmAEB&tfu=EgoIABAAGAAgASgI&hl=en&gl=IN&curr=USD,SHJ,SVX,ECO
https://www.google.com/travel/flights/search?tfs=CBwQAhoiEgoyMDI1LTEwLTAyMgJHOWoHCAESA1NISnIHCAESA1VGQRoiEgoyMDI1LTEwLTA1MgJHOWoHCAESA1VGQXIHCAESA1NISkABSAFwAYIBCwj___________8BmAEB&tfu=EgoIABAAGAAgASgI&hl=en&gl=IN&curr=USD,SHJ,UFA,ECO
https://www.google.com/travel/flights/search?tfs=CBwQAhoiEgoyMDI1LTEwLTAxMgJHOWoHCAESA1NISnIHCAESA0tVRhoiEgoyMDI1LTEwLTA2MgJHOWoHCAESA0tVRnIHCAESA1NISkABSAFwAYIBCwj___________8BmAEB&tfu=EgoIABAAGAAgASgI&hl=en&gl=IN&curr=USD,SHJ,KUF,ECO
https://www.google.com/travel/flights/search?tfs=CBwQAhoiEgoyMDI1LTA5LTMwMgJHOWoHCAESA1NISnIHCAESA0JTUhoiEgoyMDI1LTEwLTA1MgJHOWoHCAESA0JTUnIHCAESA1NISkABSAFwAYIBCwj___________8BmAEB&tfu=EgoIABAAGAAgASgI&hl=en&gl=IN&curr=USD,SHJ,BSR,ECO
https://www.google.com/travel/flights/search?tfs=CBwQAhoiEgoyMDI1LTEwLTAxMgJHOWoHCAESA1NISnIHCAESA1RaWBoiEgoyMDI1LTEwLTA2MgJHOWoHCAESA1RaWHIHCAESA1NISkABSAFwAYIBCwj___________8BmAEB&tfu=EgoIABAAGAAgASgI&hl=en&gl=IN&curr=USD,SHJ,TZX,ECO
https://www.google.com/travel/flights/search?tfs=CBwQAhoiEgoyMDI1LTEwLTAyMgJHOWoHCAESA1NISnIHCAESA1dBVxoiEgoyMDI1LTEwLTA2MgJHOWoHCAESA1dBV3IHCAESA1NISkABSAFwAYIBCwj___________8BmAEB&tfu=EgoIABAAGAAgASgI&hl=en&gl=IN&curr=USD,SHJ,WAW,ECO
https://www.google.com/travel/flights/search?tfs=CBwQAhoiEgoyMDI1LTEwLTAyMgJHOWoHCAESA1NISnIHCAESA0tSSxoiEgoyMDI1LTEwLTA2MgJHOWoHCAESA0tSS3IHCAESA1NISkABSAFwAYIBCwj___________8BmAEB&tfu=EgoIABAAGAAgASgI&hl=en&gl=IN&curr=USD,SHJ,KRK,ECO
https://www.google.com/travel/flights/search?tfs=CBwQAhoiEgoyMDI1LTEwLTAzMgJHOWoHCAESA1NISnIHCAESA1ZJRRoiEgoyMDI1LTEwLTA3MgJHOWoHCAESA1ZJRXIHCAESA1NISkABSAFwAYIBCwj___________8BmAEB&tfu=EgoIABAAGAAgASgI&hl=en&gl=IN&curr=USD,SHJ,VIE,ECO
https://www.google.com/travel/flights/search?tfs=CBwQAhoiEgoyMDI1LTEwLTAzMgJHOWoHCAESA1NISnIHCAESA0JHWRoiEgoyMDI1LTEwLTA3MgJHOWoHCAESA0JHWXIHCAESA1NISkABSAFwAYIBCwj___________8BmAEB&tfu=EgoIABAAGAAgASgI&hl=en&gl=IN&curr=USD,SHJ,BGY,ECO
https://www.google.com/travel/flights/search?tfs=CBwQAhoiEgoyMDI1LTEwLTAzMgJHOWoHCAESA1NISnIHCAESA0FUSBoiEgoyMDI1LTEwLTA3MgJHOWoHCAESA0FUSHIHCAESA1NISkABSAFwAYIBCwj___________8BmAEB&tfu=EgoIABAAGAAgASgI&hl=en&gl=IN&curr=USD,SHJ,ATH,ECO
https://www.google.com/travel/flights/search?tfs=CBwQAhoiEgoyMDI1LTEwLTAzMgJHOWoHCAESA1NISnIHCAESA0dZRBoiEgoyMDI1LTEwLTA3MgJHOWoHCAESA0dZRHIHCAESA1NISkABSAFwAYIBCwj___________8BmAEB&tfu=EgoIABAAGAAgASgI&hl=en&gl=IN&curr=USD,SHJ,GYD,ECO
https://www.google.com/travel/flights/search?tfs=CBwQAhoiEgoyMDI1LTEwLTAzMgJHOWoHCAESA1NISnIHCAESA0VCQhoiEgoyMDI1LTEwLTA3MgJHOWoHCAESA0VCQnIHCAESA1NISkABSAFwAYIBCwj___________8BmAEB&tfu=EgoIABAAGAAgASgI&hl=en&gl=IN&curr=USD,SHJ,EBB,ECO
https://www.google.com/travel/flights/search?tfs=CBwQAhoiEgoyMDI1LTEwLTAzMgJHOWoHCAESA01MRXIHCAESA1NIShoiEgoyMDI1LTEwLTA3MgJHOWoHCAESA1NISnIHCAESA01MRUABSAFwAYIBCwj___________8BmAEB&tfu=EgoIABAAGAAgASgI&hl=en&gl=IN&curr=USD,MLE,SHJ,ECO
https://www.google.com/travel/flights/search?tfs=CBwQAhoiEgoyMDI1LTEwLTAzMgJHOWoHCAESA0dPWHIHCAESA1NIShoiEgoyMDI1LTEwLTA4MgJHOWoHCAESA1NISnIHCAESA0dPWEABSAFwAYIBCwj___________8BmAEB&tfu=EgoIABAAGAAgASgI&hl=en&gl=IN&curr=USD,GOX,SHJ,ECO
https://www.google.com/travel/flights/search?tfs=CBwQAhoiEgoyMDI1LTEwLTAzMgJHOWoHCAESA0tVTHIHCAESA1NIShoiEgoyMDI1LTEwLTA4MgJHOWoHCAESA1NISnIHCAESA0tVTEABSAFwAYIBCwj___________8BmAEB&tfu=EgoIABAAGAAgASgI&hl=en&gl=IN&curr=USD,KUL,SHJ,ECO
https://www.google.com/travel/flights/search?tfs=CBwQAhoiEgoyMDI1LTEwLTAzMgJHOWoHCAESA0hLVHIHCAESA1NIShoiEgoyMDI1LTEwLTA4MgJHOWoHCAESA1NISnIHCAESA0hLVEABSAFwAYIBCwj___________8BmAEB&tfu=EgoIABAAGAAgASgI&hl=en&gl=IN&curr=USD,HKT,SHJ,ECO
https://www.google.com/travel/flights/search?tfs=CBwQAhoiEgoyMDI1LTEwLTAzMgJHOWoHCAESA0JLS3IHCAESA1NIShoiEgoyMDI1LTEwLTA4MgJHOWoHCAESA1NISnIHCAESA0JLS0ABSAFwAYIBCwj___________8BmAEB&tfu=EgoIABAAGAAgASgI&hl=en&gl=IN&curr=USD,BKK,SHJ,ECO
https://www.google.com/travel/flights/search?tfs=CBwQAhoiEgoyMDI1LTEwLTAyMgJHOWoHCAESA09IU3IHCAESA1NIShoiEgoyMDI1LTEwLTA4MgJHOWoHCAESA1NISnIHCAESA09IU0ABSAFwAYIBCwj___________8BmAEB&tfu=EgoIABAAGAAgASgI&hl=en&gl=IN&curr=USD,OHS,SHJ,ECO
https://www.google.com/travel/flights/search?tfs=CBwQAhoiEgoyMDI1LTEwLTAyMgJHOWoHCAESA0tCTHIHCAESA1NIShoiEgoyMDI1LTEwLTA4MgJHOWoHCAESA1NISnIHCAESA0tCTEABSAFwAYIBCwj___________8BmAEB&tfu=EgoIABAAGAAgASgI&hl=en&gl=IN&curr=USD,KBL,SHJ,ECO
https://www.google.com/travel/flights/search?tfs=CBwQAhoiEgoyMDI1LTEwLTAxMgJHOWoHCAESA1RBU3IHCAESA1NIShoiEgoyMDI1LTEwLTA4MgJHOWoHCAESA1NISnIHCAESA1RBU0ABSAFwAYIBCwj___________8BmAEB&tfu=EgoIABAAGAAgASgI&hl=en&gl=IN&curr=USD,TAS,SHJ,ECO
https://www.google.com/travel/flights/search?tfs=CBwQAhoiEgoyMDI1LTEwLTAxMgJHOWoHCAESA0ZSVXIHCAESA1NIShoiEgoyMDI1LTEwLTA5MgJHOWoHCAESA1NISnIHCAESA0ZSVUABSAFwAYIBCwj___________8BmAEB&tfu=EgoIABAAGAAgASgI&hl=en&gl=IN&curr=USD,FRU,SHJ,ECO
https://www.google.com/travel/flights/search?tfs=CBwQAhoiEgoyMDI1LTEwLTAyMgJHOWoHCAESA1VGQXIHCAESA1NIShoiEgoyMDI1LTEwLTA5MgJHOWoHCAESA1NISnIHCAESA1VGQUABSAFwAYIBCwj___________8BmAEB&tfu=EgoIABAAGAAgASgI&hl=en&gl=IN&curr=USD,UFA,SHJ,ECO
https://www.google.com/travel/flights/search?tfs=CBwQAhoiEgoyMDI1LTEwLTAyMgJHOWoHCAESA0tVRnIHCAESA1NIShoiEgoyMDI1LTEwLTEwMgJHOWoHCAESA1NISnIHCAESA0tVRkABSAFwAYIBCwj___________8BmAEB&tfu=EgoIABAAGAAgASgI&hl=en&gl=IN&curr=USD,KUF,SHJ,ECO
https://www.google.com/travel/flights/search?tfs=CBwQAhoiEgoyMDI1LTEwLTAzMgJHOWoHCAESA0JTUnIHCAESA1NIShoiEgoyMDI1LTEwLTEwMgJHOWoHCAESA1NISnIHCAESA0JTUkABSAFwAYIBCwj___________8BmAEB&tfu=EgoIABAAGAAgASgI&hl=en&gl=IN&curr=USD,BSR,SHJ,ECO
https://www.google.com/travel/flights/search?tfs=CBwQAhoiEgoyMDI1LTEwLTAyMgJHOWoHCAESA1RaWHIHCAESA1NIShoiEgoyMDI1LTEwLTEwMgJHOWoHCAESA1NISnIHCAESA1RaWEABSAFwAYIBCwj___________8BmAEB&tfu=EgoIABAAGAAgASgI&hl=en&gl=IN&curr=USD,TZX,SHJ,ECO
https://www.google.com/travel/flights/search?tfs=CBwQAhoiEgoyMDI1LTEwLTAyMgJHOWoHCAESA1dBV3IHCAESA1NIShoiEgoyMDI1LTEwLTEwMgJHOWoHCAESA1NISnIHCAESA1dBV0ABSAFwAYIBCwj___________8BmAEB&tfu=EgoIABAAGAAgASgI&hl=en&gl=IN&curr=USD,WAW,SHJ,ECO
https://www.google.com/travel/flights/search?tfs=CBwQAhoiEgoyMDI1LTEwLTAyMgJHOWoHCAESA0tSS3IHCAESA1NIShoiEgoyMDI1LTEwLTEwMgJHOWoHCAESA1NISnIHCAESA0tSS0ABSAFwAYIBCwj___________8BmAEB&tfu=EgoIABAAGAAgASgI&hl=en&gl=IN&curr=USD,KRK,SHJ,ECO
https://www.google.com/travel/flights/search?tfs=CBwQAhoiEgoyMDI1LTEwLTAxMgJHOWoHCAESA1ZJRXIHCAESA1NIShoiEgoyMDI1LTEwLTEwMgJHOWoHCAESA1NISnIHCAESA1ZJRUABSAFwAYIBCwj___________8BmAEB&tfu=EgoIABAAGAAgASgI&hl=en&gl=IN&curr=USD,VIE,SHJ,ECO

https://www.google.com/travel/flights/search?tfs=CBwQAhoiEgoyMDI1LTEwLTAxMgJHOWoHCAESA0JHWXIHCAESA1NIShoiEgoyMDI1LTEwLTEwMgJHOWoHCAESA1NISnIHCAESA0JHWUABSAFwAYIBCwj___________8BmAEB&tfu=EgoIABAAGAAgASgI&hl=en&gl=IN&curr=USD,BGY,SHJ,ECO
https://www.google.com/travel/flights/search?tfs=CBwQAhoiEgoyMDI1LTEwLTAxMgJHOWoHCAESA0FUSHIHCAESA1NIShoiEgoyMDI1LTEwLTEwMgJHOWoHCAESA1NISnIHCAESA0FUSEABSAFwAYIBCwj___________8BmAEB&tfu=EgoIABAAGAAgASgI&hl=en&gl=IN&curr=USD,ATH,SHJ,ECO
https://www.google.com/travel/flights/search?tfs=CBwQAhoiEgoyMDI1LTEwLTAxMgJHOWoHCAESA0dZRHIHCAESA1NIShoiEgoyMDI1LTEwLTEwMgJHOWoHCAESA1NISnIHCAESA0dZREABSAFwAYIBCwj___________8BmAEB&tfu=EgoIABAAGAAgASgI&hl=en&gl=IN&curr=USD,GYD,SHJ,ECO
,,,
https://www.google.com/travel/flights/search?tfs=CBwQAhoiEgoyMDI1LTEwLTA5MgJHOWoHCAESA0VCQnIHCAESA1NIShoiEgoyMDI1LTEwLTE1MgJHOWoHCAESA1NISnIHCAESA0VCQkABSAFwAYIBCwj___________8BmAEB&tfu=EgoIABAAGAAgASgI&hl=en&gl=IN&curr=USD,EBB,SHJ,ECO
https://www.google.com/travel/flights/search?tfs=CBwQAhoiEgoyMDI1LTEwLTA5MgJHOWoHCAESA0NBSXIHCAESA0FKRhoiEgoyMDI1LTEwLTE1MgJHOWoHCAESA0FKRnIHCAESA0NBSUABSAFwAYIBCwj___________8BmAEB&tfu=EgoIABAAGAAgASgI&hl=en&gl=IN&curr=USD,CAI,AJF,ECO
https://www.google.com/travel/flights/search?tfs=CBwQAhoiEgoyMDI1LTEwLTA5MgJHOWoHCAESA0NBSXIHCAESA0tXSRoiEgoyMDI1LTEwLTE0MgJHOWoHCAESA0tXSXIHCAESA0NBSUABSAFwAYIBCwj___________8BmAEB&tfu=EgoIABAAGAAgASgI&hl=en&gl=IN&curr=USD,CAI,KWI,ECO
https://www.google.com/travel/flights/search?tfs=CBwQAhoiEgoyMDI1LTEwLTA5MgJHOWoHCAESA0NBSXIHCAESA1JLVBoiEgoyMDI1LTEwLTE0MgJHOWoHCAESA1JLVHIHCAESA0NBSUABSAFwAYIBCwj___________8BmAEB&tfu=EgoIABAAGAAgASgI&hl=en&gl=IN&curr=USD,CAI,RKT,ECO
https://www.google.com/travel/flights/search?tfs=CBwQAhoiEgoyMDI1LTEwLTA5MgJHOWoHCAESA0NBSXIHCAESA01DVBoiEgoyMDI1LTEwLTE0MgJHOWoHCAESA01DVHIHCAESA0NBSUABSAFwAYIBCwj___________8BmAEB&tfu=EgoIABAAGAAgASgI&hl=en&gl=IN&curr=USD,CAI,MCT,ECO
https://www.google.com/travel/flights/search?tfs=CBwQAhoiEgoyMDI1LTEwLTA5MgJHOWoHCAESA0NBSXIHCAESA0hBUxoiEgoyMDI1LTEwLTE0MgJHOWoHCAESA0hBU3IHCAESA0NBSUABSAFwAYIBCwj___________8BmAEB&tfu=EgoIABAAGAAgASgI&hl=en&gl=IN&curr=USD,CAI,HAS,ECO
https://www.google.com/travel/flights/search?tfs=CBwQAhoiEgoyMDI1LTEwLTA5MgJHOWoHCAESA0NBSXIHCAESA1RVVRoiEgoyMDI1LTEwLTE0MgJHOWoHCAESA1RVVXIHCAESA0NBSUABSAFwAYIBCwj___________8BmAEB&tfu=EgoIABAAGAAgASgI&hl=en&gl=IN&curr=USD,CAI,TUU,ECO
https://www.google.com/travel/flights/search?tfs=CBwQAhoiEgoyMDI1LTEwLTA5MgJHOWoHCAESA0NBSXIHCAESA0dJWhoiEgoyMDI1LTEwLTE0MgJHOWoHCAESA0dJWnIHCAESA0NBSUABSAFwAYIBCwj___________8BmAEB&tfu=EgoIABAAGAAgASgI&hl=en&gl=IN&curr=USD,CAI,GIZ,ECO
https://www.google.com/travel/flights/search?tfs=CBwQAhoiEgoyMDI1LTEwLTA5MgJHOWoHCAESA0FKRnIHCAESA0NBSRoiEgoyMDI1LTEwLTE0MgJHOWoHCAESA0NBSXIHCAESA0FKRkABSAFwAYIBCwj___________8BmAEB&tfu=EgoIABAAGAAgASgI&hl=en&gl=IN&curr=USD,AJF,CAI,ECO
https://www.google.com/travel/flights/search?tfs=CBwQAhoiEgoyMDI1LTEwLTA5MgJHOWoHCAESA0tXSXIHCAESA0NBSRoiEgoyMDI1LTEwLTE0MgJHOWoHCAESA0NBSXIHCAESA0tXSUABSAFwAYIBCwj___________8BmAEB&tfu=EgoIABAAGAAgASgI&hl=en&gl=IN&curr=USD,KWI,CAI,ECO
https://www.google.com/travel/flights/search?tfs=CBwQAhoiEgoyMDI1LTEwLTA5MgJHOWoHCAESA1JLVHIHCAESA0NBSRoiEgoyMDI1LTEwLTE0MgJHOWoHCAESA0NBSXIHCAESA1JLVEABSAFwAYIBCwj___________8BmAEB&tfu=EgoIABAAGAAgASgI&hl=en&gl=IN&curr=USD,RKT,CAI,ECO
https://www.google.com/travel/flights/search?tfs=CBwQAhoiEgoyMDI1LTEwLTA3MgJHOWoHCAESA01DVHIHCAESA0NBSRoiEgoyMDI1LTEwLTEzMgJHOWoHCAESA0NBSXIHCAESA01DVEABSAFwAYIBCwj___________8BmAEB&tfu=EgoIABAAGAAgASgI&hl=en&gl=IN&curr=USD,MCT,CAI,ECO
https://www.google.com/travel/flights/search?tfs=CBwQAhoiEgoyMDI1LTEwLTA3MgJHOWoHCAESA0hBU3IHCAESA0NBSRoiEgoyMDI1LTEwLTEzMgJHOWoHCAESA0NBSXIHCAESA0hBU0ABSAFwAYIBCwj___________8BmAEB&tfu=EgoIABAAGAAgASgI&hl=en&gl=IN&curr=USD,HAS,CAI,ECO
https://www.google.com/travel/flights/search?tfs=CBwQAhoiEgoyMDI1LTEwLTA3MgJHOWoHCAESA1RVVXIHCAESA0NBSRoiEgoyMDI1LTEwLTEzMgJHOWoHCAESA0NBSXIHCAESA1RVVUABSAFwAYIBCwj___________8BmAEB&tfu=EgoIABAAGAAgASgI&hl=en&gl=IN&curr=USD,TUU,CAI,ECO
https://www.google.com/travel/flights/search?tfs=CBwQAhoiEgoyMDI1LTEwLTA3MgJHOWoHCAESA0dJWnIHCAESA0NBSRoiEgoyMDI1LTEwLTEyMgJHOWoHCAESA0NBSXIHCAESA0dJWkABSAFwAYIBCwj___________8BmAEB&tfu=EgoIABAAGAAgASgI&hl=en&gl=IN&curr=USD,GIZ,CAI,ECO
https://www.google.com/travel/flights/search?tfs=CBwQAhoiEgoyMDI1LTEwLTA4MgJHOWoHCAESA1JLVHIHCAESA0RNRRoiEgoyMDI1LTEwLTEyMgJHOWoHCAESA0RNRXIHCAESA1JLVEABSAFwAYIBCwj___________8BmAEB&tfu=EgoIABAAGAAgASgI&hl=en&gl=IN&curr=USD,RKT,DME,ECO
https://www.google.com/travel/flights/search?tfs=CBwQAhoiEgoyMDI1LTAzLTE0MgJHOWoHCAESA1JLVHIHCAESA1RBUxoiEgoyMDI1LTAzLTIxMgJHOWoHCAESA1RBU3IHCAESA1JLVEABSAFwAYIBCwj___________8BmAEB&tfu=EgoIABAAGAAgASgI&hl=en&gl=IN&curr=USD,RKT,TAS,ECO
https://www.google.com/travel/flights/search?tfs=CBwQAhoiEgoyMDI1LTEwLTEyMgJHOWoHCAESA1JLVHIHCAESA1BFVxoiEgoyMDI1LTEwLTE1MgJHOWoHCAESA1BFV3IHCAESA1JLVEABSAFwAYIBCwj___________8BmAEB&tfu=EgoIABAAGAAgASgI&hl=en&gl=IN&curr=USD,RKT,PEW,ECO
https://www.google.com/travel/flights/search?tfs=CBwQAhoiEgoyMDI1LTEwLTEyMgJHOWoHCAESA1JLVHIHCAESA0NDShoiEgoyMDI1LTEwLTE1MgJHOWoHCAESA0NDSnIHCAESA1JLVEABSAFwAYIBCwj___________8BmAEB&tfu=EgoIABAAGAAgASgI&hl=en&gl=IN&curr=USD,RKT,CCJ,ECO
https://www.google.com/travel/flights/search?tfs=CBwQAhoiEgoyMDI1LTEwLTEyMgJHOWoHCAESA0RNRXIHCAESA1JLVBoiEgoyMDI1LTEwLTE1MgJHOWoHCAESA1JLVHIHCAESA0RNRUABSAFwAYIBCwj___________8BmAEB&tfu=EgoIABAAGAAgASgI&hl=en&gl=IN&curr=USD,DME,RKT,ECO
https://www.google.com/travel/flights/search?tfs=CBwQAhoiEgoyMDI1LTEwLTEzMgJHOWoHCAESA1BFV3IHCAESA1JLVBoiEgoyMDI1LTEwLTE2MgJHOWoHCAESA1JLVHIHCAESA1BFV0ABSAFwAYIBCwj___________8BmAEB&tfu=EgoIABAAGAAgASgI&hl=en&gl=IN&curr=USD,PEW,RKT,ECO
https://www.google.com/travel/flights/search?tfs=CBwQAhoiEgoyMDI1LTEwLTEzMgJHOWoHCAESA0xIRXIHCAESA1JLVBoiEgoyMDI1LTEwLTE2MgJHOWoHCAESA1JLVHIHCAESA0xIRUABSAFwAYIBCwj___________8BmAEB&tfu=EgoIABAAGAAgASgI&hl=en&gl=IN&curr=USD,LHE,RKT,ECO
https://www.google.com/travel/flights/search?tfs=CBwQAhoiEgoyMDI1LTEwLTEyMgJHOWoHCAESA0NDSnIHCAESA1JLVBoiEgoyMDI1LTEwLTE2MgJHOWoHCAESA1JLVHIHCAESA0NDSkABSAFwAYIBCwj___________8BmAEB&tfu=EgoIABAAGAAgASgI&hl=en&gl=IN&curr=USD,CCJ,RKT,ECO
https://www.google.com/travel/flights/search?tfs=CBwQAhoiEgoyMDI1LTEwLTEyMgJHOWoHCAESA0pFRHIHCAESA1JLVBoiEgoyMDI1LTEwLTE2MgJHOWoHCAESA1JLVHIHCAESA0pFREABSAFwAYIBCwj___________8BmAEB&tfu=EgoIABAAGAAgASgI&hl=en&gl=IN&curr=USD,JED,RKT,ECO
https://www.google.com/travel/flights/search?tfs=CBwQAhoiEgoyMDI1LTEwLTExMgJHOWoHCAESA0hCRXIHCAESA1JVSBoiEgoyMDI1LTEwLTE4MgJHOWoHCAESA1JVSHIHCAESA0hCRUABSAFwAYIBCwj___________8BmAEB&tfu=EgoIABAAGAAgASgI&hl=en&gl=IN&curr=USD,HBE,RUH,ECO
https://www.google.com/travel/flights/search?tfs=CBwQAhoiEgoyMDI1LTEwLTExMgJHOWoHCAESA1RJRnIHCAESA0hCRRoiEgoyMDI1LTEwLTE4MgJHOWoHCAESA0hCRXIHCAESA1RJRkABSAFwAYIBCwj___________8BmAEB&tfu=EgoIABAAGAAgASgI&hl=en&gl=IN&curr=USD,TIF,HBE,ECO
https://www.google.com/travel/flights/search?tfs=CBwQAhoiEgoyMDI1LTEwLTExMgJHOWoHCAESA1JVSHIHCAESA0hCRRoiEgoyMDI1LTEwLTE4MgJHOWoHCAESA0hCRXIHCAESA1JVSEABSAFwAYIBCwj___________8BmAEB&tfu=EgoIABAAGAAgASgI&hl=en&gl=IN&curr=USD,RUH,HBE,ECO
https://www.google.com/travel/flights/search?tfs=CBwQAhoiEgoyMDI1LTEwLTExMgJHOWoHCAESA0pFRHIHCAESA0hCRRoiEgoyMDI1LTEwLTE4MgJHOWoHCAESA0hCRXIHCAESA0pFREABSAFwAYIBCwj___________8BmAEB&tfu=EgoIABAAGAAgASgI&hl=en&gl=IN&curr=USD,JED,HBE,ECO
https://www.google.com/travel/flights/search?tfs=CBwQAhoiEgoyMDI1LTEwLTExMgJHOWoHCAESA0hCRXIHCAESA1RJRhoiEgoyMDI1LTEwLTE4MgJHOWoHCAESA1RJRnIHCAESA0hCRUABSAFwAYIBCwj___________8BmAEB&tfu=EgoIABAAGAAgASgI&hl=en&gl=IN&curr=USD,HBE,TIF,ECO
https://www.google.com/travel/flights/search?tfs=CBwQAhoiEgoyMDI1LTEwLTEwMgJHOWoHCAESA0hCRXIHCAESA0pFRBoiEgoyMDI1LTEwLTE3MgJHOWoHCAESA0pFRHIHCAESA0hCRUABSAFwAYIBCwj___________8BmAEB&tfu=EgoIABAAGAAgASgI&hl=en&gl=IN&curr=USD,HBE,JED,ECO
https://www.google.com/travel/flights/search?tfs=CBwQAhoiEgoyMDI1LTAyLTAyMgJHOWoHCAESA0FNTXIHCAESA0hCRRoiEgoyMDI1LTAyLTA2MgJHOWoHCAESA0hCRXIHCAESA0FNTUABSAFwAYIBCwj___________8BmAEB&tfu=EgoIABAAGAAgASgI&hl=en&gl=IN&curr=USD,AMM,HBE,ECO
