https://www.google.com/travel/flights/search?tfs=CBwQAhoiEgoyMDI1LTEwLTA5MgJHOWoHCAESA0FIQnIHCAESA1NIShoiEgoyMDI1LTEwLTEzMgJHOWoHCAESA1NISnIHCAESA0FIQkABSAFwAYIBCwj___________8BmAEB&hl=en&gl=IN&curr=USD,AHB,SHJ,ECO
https://www.google.com/travel/flights/search?tfs=CBwQAhoiEgoyMDI1LTEwLTA5MgJHOWoHCAESA0FKRnIHCAESA1NIShoiEgoyMDI1LTEwLTEzMgJHOWoHCAESA1NISnIHCAESA0FKRkABSAFwAYIBCwj___________8BmAEB&hl=en&gl=IN&curr=USD,AJF,SHJ,ECO
https://www.google.com/travel/flights/search?tfs=CBwQAhoiEgoyMDI1LTEwLTA5MgJHOWoHCAESA0FMQXIHCAESA1NIShoiEgoyMDI1LTEwLTEzMgJHOWoHCAESA1NISnIHCAESA0FMQUABSAFwAYIBCwj___________8BmAEB&hl=en&gl=IN&curr=USD,ALA,SHJ,ECO
https://google.com/travel/flights/search?tfs=CBwQAhoiEgoyMDI1LTEwLTA5MgJHOWoHCAESA0FNRHIHCAESA1NIShoiEgoyMDI1LTEwLTEzMgJHOWoHCAESA1NISnIHCAESA0FNREABSAFwAYIBCwj___________8BmAEB&hl=en&gl=IN&curr=USD,AMD,SHJ,ECO
https://www.google.com/travel/flights/search?tfs=CBwQAhoiEgoyMDI1LTEwLTA5MgJHOWoHCAESA0FNTXIHCAESA1NIShoiEgoyMDI1LTEwLTEzMgJHOWoHCAESA1NISnIHCAESA0FNTUABSAFwAYIBCwj___________8BmAEB&hl=en&gl=IN&curr=USD,AMM,SHJ,ECO
https://www.google.com/travel/flights/search?tfs=CBwQAhoiEgoyMDI1LTEwLTE0MgJHOWoHCAESA0JBSHIHCAESA1NIShoiEgoyMDI1LTEwLTE2MgJHOWoHCAESA1NISnIHCAESA0JBSEABSAFwAYIBCwj___________8BmAEB&hl=en&gl=IN&curr=USD,BAH,SHJ,ECO
https://www.google.com/travel/flights/search?tfs=CBwQAhoiEgoyMDI1LTEwLTE0MgJHOWoHCAESA0JFWXIHCAESA1NIShoiEgoyMDI1LTEwLTE2MgJHOWoHCAESA1NISnIHCAESA0JFWUABSAFwAYIBCwj___________8BmAEB&hl=en&gl=IN&curr=USD,BEY,SHJ,ECO
https://www.google.com/travel/flights/search?tfs=CBwQAhoiEgoyMDI1LTEwLTE0MgJHOWoHCAESA0JHV3IHCAESA1NIShoiEgoyMDI1LTEwLTE2MgJHOWoHCAESA1NISnIHCAESA0JHV0ABSAFwAYIBCwj___________8BmAEB&hl=en&gl=IN&curr=USD,BGW,SHJ,ECO
https://www.google.com/travel/flights/search?tfs=CBwQAhoiEgoyMDI1LTEwLTE0MgJHOWoHCAESA0JMUnIHCAESA1NIShoiEgoyMDI1LTEwLTE2MgJHOWoHCAESA1NISnIHCAESA0JMUkABSAFwAYIBCwj___________8BmAEB&hl=en&gl=IN&curr=USD,BLR,SHJ,ECO
https://www.google.com/travel/flights/search?tfs=CBwQAhoiEgoyMDI1LTEwLTE0MgJHOWoHCAESA0JPTXIHCAESA1NIShoiEgoyMDI1LTEwLTE2MgJHOWoHCAESA1NISnIHCAESA0JPTUABSAFwAYIBCwj___________8BmAEB&hl=en&gl=IN&curr=USD,BOM,SHJ,ECO
https://www.google.com/travel/flights/search?tfs=CBwQAhoiEgoyMDI1LTEwLTE0MgJHOWoHCAESA0NBSXIHCAESA1NIShoiEgoyMDI1LTEwLTE2MgJHOWoHCAESA1NISnIHCAESA0NBSUABSAFwAYIBCwj___________8BmAEB&hl=en&gl=IN&curr=USD,CAI,SHJ,ECO
https://www.google.com/travel/flights/search?tfs=CBwQAhoiEgoyMDI1LTEwLTE0MgJHOWoHCAESA0NDSnIHCAESA1NIShoiEgoyMDI1LTEwLTE2MgJHOWoHCAESA1NISnIHCAESA0NDSkABSAFwAYIBCwj___________8BmAEB&hl=en&gl=IN&curr=USD,CCJ,SHJ,ECO
https://www.google.com/travel/flights/search?tfs=CBwQAhoiEgoyMDI1LTEwLTE0MgJHOWoHCAESA0NHUHIHCAESA1NIShoiEgoyMDI1LTEwLTE2MgJHOWoHCAESA1NISnIHCAESA0NHUEABSAFwAYIBCwj___________8BmAEB&hl=en&gl=IN&curr=USD,CGP,SHJ,ECO
https://www.google.com/travel/flights/search?tfs=CBwQAhoiEgoyMDI1LTEwLTEzMgJHOWoHCAESA0NKQnIHCAESA1NIShoiEgoyMDI1LTEwLTE2MgJHOWoHCAESA1NISnIHCAESA0NKQkABSAFwAYIBCwj___________8BmAEB&hl=en&gl=IN&curr=USD,CJB,SHJ,ECO
https://www.google.com/travel/flights/search?tfs=CBwQAhoiEgoyMDI1LTEwLTEzMgJHOWoHCAESA0NNQnIHCAESA1NIShoiEgoyMDI1LTEwLTE2MgJHOWoHCAESA1NISnIHCAESA0NNQkABSAFwAYIBCwj___________8BmAEB&hl=en&gl=IN&curr=USD,CMB,SHJ,ECO
https://www.google.com/travel/flights/search?tfs=CBwQAhoiEgoyMDI1LTEwLTEzMgJHOWoHCAESA0NPS3IHCAESA1NIShoiEgoyMDI1LTEwLTE2MgJHOWoHCAESA1NISnIHCAESA0NPS0ABSAFwAYIBCwj___________8BmAEB&hl=en&gl=IN&curr=USD,COK,SHJ,ECO
https://www.google.com/travel/flights/search?tfs=CBwQAhoiEgoyMDI1LTEwLTEzMgJHOWoHCAESA0RBQ3IHCAESA1NIShoiEgoyMDI1LTEwLTE2MgJHOWoHCAESA1NISnIHCAESA0RBQ0ABSAFwAYIBCwj___________8BmAEB&hl=en&gl=IN&curr=USD,DAC,SHJ,ECO
https://www.google.com/travel/flights/search?tfs=CBwQAhoiEgoyMDI1LTEwLTEzMgJHOWoHCAESA0RFTHIHCAESA1NIShoiEgoyMDI1LTEwLTE2MgJHOWoHCAESA1NISnIHCAESA0RFTEABSAFwAYIBCwj___________8BmAEB&hl=en&gl=IN&curr=USD,DEL,SHJ,ECO
https://www.google.com/travel/flights/search?tfs=CBwQAhoiEgoyMDI1LTEwLTEzMgJHOWoHCAESA0RNTXIHCAESA1NIShoiEgoyMDI1LTEwLTE2MgJHOWoHCAESA1NISnIHCAESA0RNTUABSAFwAYIBCwj___________8BmAEB&hl=en&gl=IN&curr=USD,DMM,SHJ,ECO
https://www.google.com/travel/flights/search?tfs=CBwQAhoiEgoyMDI1LTEwLTEzMgJHOWoHCAESA0RPSHIHCAESA1NIShoiEgoyMDI1LTEwLTE2MgJHOWoHCAESA1NISnIHCAESA0RPSEABSAFwAYIBCwj___________8BmAEB&hl=en&gl=IN&curr=USD,DOH,SHJ,ECO
https://www.google.com/travel/flights/search?tfs=CBwQAhoiEgoyMDI1LTEwLTEzMgJHOWoHCAESA0VCTHIHCAESA1NIShoiEgoyMDI1LTEwLTE2MgJHOWoHCAESA1NISnIHCAESA0VCTEABSAFwAYIBCwj___________8BmAEB&hl=en&gl=IN&curr=USD,EBL,SHJ,ECO
https://www.google.com/travel/flights/search?tfs=CBwQAhoiEgoyMDI1LTEwLTEzMgJHOWoHCAESA0VMUXIHCAESA1NIShoiEgoyMDI1LTEwLTE2MgJHOWoHCAESA1NISnIHCAESA0VMUUABSAFwAYIBCwj___________8BmAEB&hl=en&gl=IN&curr=USD,ELQ,SHJ,ECO
https://www.google.com/travel/flights/search?tfs=CBwQAhoiEgoyMDI1LTEwLTEzMgJHOWoHCAESA0VWTnIHCAESA1NIShoiEgoyMDI1LTEwLTE2MgJHOWoHCAESA1NISnIHCAESA0VWTkABSAFwAYIBCwj___________8BmAEB&hl=en&gl=IN&curr=USD,EVN,SHJ,ECO
https://www.google.com/travel/flights/search?tfs=CBwQAhoiEgoyMDI1LTEwLTE0MgJHOWoHCAESA0dJWnIHCAESA1NIShoiEgoyMDI1LTEwLTE3MgJHOWoHCAESA1NISnIHCAESA0dJWkABSAFwAYIBCwj___________8BmAEB&hl=en&gl=IN&curr=USD,GIZ,SHJ,ECO
https://www.google.com/travel/flights/search?tfs=CBwQAhoiEgoyMDI1LTEwLTE0MgJHOWoHCAESA0hBU3IHCAESA1NIShoiEgoyMDI1LTEwLTE4MgJHOWoHCAESA1NISnIHCAESA0hBU0ABSAFwAYIBCwj___________8BmAEB&hl=en&gl=IN&curr=USD,HAS,SHJ,ECO
https://www.google.com/travel/flights/search?tfs=CBwQAhoiEgoyMDI1LTEwLTE1MgJHOWoHCAESA0hCRXIHCAESA1NIShoiEgoyMDI1LTEwLTE5MgJHOWoHCAESA1NISnIHCAESA0hCRUABSAFwAYIBCwj___________8BmAEB&hl=en&gl=IN&curr=USD,HBE,SHJ,ECO
https://www.google.com/travel/flights/search?tfs=CBwQAhoiEgoyMDI1LTEwLTE1MgJHOWoHCAESA0hNQnIHCAESA1NIShoiEgoyMDI1LTEwLTE5MgJHOWoHCAESA1NISnIHCAESA0hNQkABSAFwAYIBCwj___________8BmAEB&hl=en&gl=IN&curr=USD,HMB,SHJ,ECO
https://www.google.com/travel/flights/search?tfs=CBwQAhoiEgoyMDI1LTEwLTE1MgJHOWoHCAESA0hZRHIHCAESA1NIShoiEgoyMDI1LTEwLTE5MgJHOWoHCAESA1NISnIHCAESA0hZREABSAFwAYIBCwj___________8BmAEB&hl=en&gl=IN&curr=USD,HYD,SHJ,ECO
https://www.google.com/travel/flights/search?tfs=CBwQAhoiEgoyMDI1LTEwLTE1MgJHOWoHCAESA0lLQXIHCAESA1NIShoiEgoyMDI1LTEwLTE5MgJHOWoHCAESA1NISnIHCAESA0lLQUABSAFwAYIBCwj___________8BmAEB&hl=en&gl=IN&curr=USD,IKA,SHJ,ECO
https://www.google.com/travel/flights/search?tfs=CBwQAhoiEgoyMDI1LTEwLTE1MgJHOWoHCAESA0pBSXIHCAESA1NIShoiEgoyMDI1LTEwLTE5MgJHOWoHCAESA1NISnIHCAESA0pBSUABSAFwAYIBCwj___________8BmAEB&hl=en&gl=IN&curr=USD,JAI,SHJ,ECO
,,,
https://www.google.com/travel/flights/search?tfs=CBwQAhoiEgoyMDI1LTEwLTE1MgJHOWoHCAESA0pFRHIHCAESA1NIShoiEgoyMDI1LTEwLTE5MgJHOWoHCAESA1NISnIHCAESA0pFREABSAFwAYIBCwj___________8BmAEB&hl=en&gl=IN&curr=USD,JED,SHJ,ECO
https://www.google.com/travel/flights/search?tfs=CBwQAhoiEgoyMDI1LTEwLTE1MgJHOWoHCAESA0tISXIHCAESA1NIShoiEgoyMDI1LTEwLTE5MgJHOWoHCAESA1NISnIHCAESA0tISUABSAFwAYIBCwj___________8BmAEB&hl=en&gl=IN&curr=USD,KHI,SHJ,ECO
https://www.google.com/travel/flights/search?tfs=CBwQAhoiEgoyMDI1LTEwLTE1MgJHOWoHCAESA0tUTXIHCAESA1NIShoiEgoyMDI1LTEwLTE5MgJHOWoHCAESA1NISnIHCAESA0tUTUABSAFwAYIBCwj___________8BmAEB&hl=en&gl=IN&curr=USD,KTM,SHJ,ECO
https://www.google.com/travel/flights/search?tfs=CBwQAhonEgoyMDI1LTEwLTE1MgJHOWoMCAMSCC9tLzBmcTVqcgcIARIDU0hKGicSCjIwMjUtMTAtMTkyAkc5agcIARIDU0hKcgwIAxIIL20vMGZxNWpAAUgBcAGCAQsI____________AZgBAQ&hl=en&gl=IN&curr=USD,KWI,SHJ,ECO
https://www.google.com/travel/flights/search?tfs=CBwQAhoiEgoyMDI1LTEwLTE1MgJHOWoHCAESA0xSUnIHCAESA1NIShoiEgoyMDI1LTEwLTIwMgJHOWoHCAESA1NISnIHCAESA0xSUkABSAFwAYIBCwj___________8BmAEB&hl=en&gl=IN&curr=USD,LRR,SHJ,ECO
https://www.google.com/travel/flights/search?tfs=CBwQAhoiEgoyMDI1LTEwLTE1MgJHOWoHCAESA0xZUHIHCAESA1NIShoiEgoyMDI1LTEwLTIwMgJHOWoHCAESA1NISnIHCAESA0xZUEABSAFwAYIBCwj___________8BmAEB&hl=en&gl=IN&curr=USD,LYP,SHJ,ECO
https://www.google.com/travel/flights/search?tfs=CBwQAhoiEgoyMDI1LTEwLTE1MgJHOWoHCAESA01BQXIHCAESA1NIShoiEgoyMDI1LTEwLTIwMgJHOWoHCAESA1NISnIHCAESA01BQUABSAFwAYIBCwj___________8BmAEB&hl=en&gl=IN&curr=USD,MAA,SHJ,ECO
https://www.google.com/travel/flights/search?tfs=CBwQAhoiEgoyMDI1LTEwLTE1MgJHOWoHCAESA01DVHIHCAESA1NIShoiEgoyMDI1LTEwLTIwMgJHOWoHCAESA1NISnIHCAESA01DVEABSAFwAYIBCwj___________8BmAEB&hl=en&gl=IN&curr=USD,MCT,SHJ,ECO
https://www.google.com/travel/flights/search?tfs=CBwQAhoiEgoyMDI1LTEwLTE1MgJHOWoHCAESA01FRHIHCAESA1NIShoiEgoyMDI1LTEwLTIwMgJHOWoHCAESA1NISnIHCAESA01FREABSAFwAYIBCwj___________8BmAEB&hl=en&gl=IN&curr=USD,MED,SHJ,ECO
https://www.google.com/travel/flights/search?tfs=CBwQAhoiEgoyMDI1LTEwLTE1MgJHOWoHCAESA01IRHIHCAESA1NIShoiEgoyMDI1LTEwLTIwMgJHOWoHCAESA1NISnIHCAESA01IREABSAFwAYIBCwj___________8BmAEB&hl=en&gl=IN&curr=USD,MHD,SHJ,ECO
https://www.google.com/travel/flights/search?tfs=CBwQAhoiEgoyMDI1LTEwLTE1MgJHOWoHCAESA01VWHIHCAESA1NIShoiEgoyMDI1LTEwLTIwMgJHOWoHCAESA1NISnIHCAESA01VWEABSAFwAYIBCwj___________8BmAEB&hl=en&gl=IN&curr=USD,MUX,SHJ,ECO
https://www.google.com/travel/flights/search?tfs=CBwQAhoiEgoyMDI1LTEwLTE3MgJHOWoHCAESA05BR3IHCAESA1NIShoiEgoyMDI1LTEwLTIzMgJHOWoHCAESA1NISnIHCAESA05BR0ABSAFwAYIBCwj___________8BmAEB&hl=en&gl=IN&curr=USD,NAG,SHJ,ECO
,,,
https://www.google.com/travel/flights/search?tfs=CBwQAhoiEgoyMDI1LTEwLTE3MgJHOWoHCAESA05CT3IHCAESA1NIShoiEgoyMDI1LTEwLTIzMgJHOWoHCAESA1NISnIHCAESA05CT0ABSAFwAYIBCwj___________8BmAEB&hl=en&gl=IN&curr=USD,NBO,SHJ,ECO
https://www.google.com/travel/flights/search?tfs=CBwQAhoiEgoyMDI1LTEwLTE3MgJHOWoHCAESA05KRnIHCAESA1NIShoiEgoyMDI1LTEwLTIzMgJHOWoHCAESA1NISnIHCAESA05KRkABSAFwAYIBCwj___________8BmAEB&hl=en&gl=IN&curr=USD,NJF,SHJ,ECO
https://www.google.com/travel/flights/search?tfs=CBwQAhoiEgoyMDI1LTEwLTE3MgJHOWoHCAESA1BFV3IHCAESA1NIShoiEgoyMDI1LTEwLTIzMgJHOWoHCAESA1NISnIHCAESA1BFV0ABSAFwAYIBCwj___________8BmAEB&hl=en&gl=IN&curr=USD,PEW,SHJ,ECO
https://www.google.com/travel/flights/search?tfs=CBwQAhoiEgoyMDI1LTEwLTE3MgJHOWoHCAESA1JVSHIHCAESA1NIShoiEgoyMDI1LTEwLTIzMgJHOWoHCAESA1NISnIHCAESA1JVSEABSAFwAYIBCwj___________8BmAEB&hl=en&gl=IN&curr=USD,RUH,SHJ,ECO
https://www.google.com/travel/flights/search?tfs=CBwQAhoiEgoyMDI1LTEwLTE3MgJHOWoHCAESA1NBV3IHCAESA1NIShoiEgoyMDI1LTEwLTIzMgJHOWoHCAESA1NISnIHCAESA1NBV0ABSAFwAYIBCwj___________8BmAEB&hl=en&gl=IN&curr=USD,SAW,SHJ,ECO
https://www.google.com/travel/flights/search?tfs=CBwQAhomEgoyMDI1LTEwLTE3MgJHOTICM0xqBwgBEgNTSEpyBwgBEgNBSEIaJhIKMjAyNS0xMC0yMzICRzkyAjNMagcIARIDQUhCcgcIARIDU0hKQAFIAXABggELCP___________wGYAQE&hl=en&gl=IN&curr=USD,SHJ,AHB,ECO
https://www.google.com/travel/flights/search?tfs=CBwQAhomEgoyMDI1LTEwLTE2MgJHOTICM0xqBwgBEgNTSEpyBwgBEgNBSkYaJhIKMjAyNS0xMC0yMzICRzkyAjNMagcIARIDQUpGcgcIARIDU0hKQAFIAXABggELCP___________wGYAQE&hl=en&gl=IN&curr=USD,SHJ,AJF,ECO
https://www.google.com/travel/flights/search?tfs=CBwQAhomEgoyMDI1LTEwLTE2MgJHOTICM0xqBwgBEgNTSEpyBwgBEgNBTEEaJhIKMjAyNS0xMC0yMzICRzkyAjNMagcIARIDQUxBcgcIARIDU0hKQAFIAXABggELCP___________wGYAQE&hl=en&gl=IN&curr=USD,SHJ,ALA,ECO
https://www.google.com/travel/flights/search?tfs=CBwQAhomEgoyMDI1LTEwLTE2MgJHOTICM0xqBwgBEgNTSEpyBwgBEgNBTUQaJhIKMjAyNS0xMC0yMzICRzkyAjNMagcIARIDQU1EcgcIARIDU0hKQAFIAXABggELCP___________wGYAQE&hl=en&gl=IN&curr=USD,SHJ,AMD,ECO
https://www.google.com/travel/flights/search?tfs=CBwQAhomEgoyMDI1LTEwLTE2MgJHOTICM0xqBwgBEgNTSEpyBwgBEgNBTU0aJhIKMjAyNS0xMC0yMzICRzkyAjNMagcIARIDQU1NcgcIARIDU0hKQAFIAXABggELCP___________wGYAQE&hl=en&gl=IN&curr=USD,SHJ,AMM,ECO
https://www.google.com/travel/flights/search?tfs=CBwQAhomEgoyMDI1LTEwLTE2MgJHOTICM0xqBwgBEgNTSEpyBwgBEgNCQUgaJhIKMjAyNS0xMC0yMzICRzkyAjNMagcIARIDQkFIcgcIARIDU0hKQAFIAXABggELCP___________wGYAQE&hl=en&gl=IN&curr=USD,SHJ,BAH,ECO
https://www.google.com/travel/flights/search?tfs=CBwQAhomEgoyMDI1LTEwLTE2MgJHOTICM0xqBwgBEgNTSEpyBwgBEgNCRVkaJhIKMjAyNS0xMC0yMzICRzkyAjNMagcIARIDQkVZcgcIARIDU0hKQAFIAXABggELCP___________wGYAQE&hl=en&gl=IN&curr=USD,SHJ,BEY,ECO
https://www.google.com/travel/flights/search?tfs=CBwQAhomEgoyMDI1LTEwLTE2MgJHOTICM0xqBwgBEgNTSEpyBwgBEgNCR1caJhIKMjAyNS0xMC0yMzICRzkyAjNMagcIARIDQkdXcgcIARIDU0hKQAFIAXABggELCP___________wGYAQE&hl=en&gl=IN&curr=USD,SHJ,BGW,ECO
https://www.google.com/travel/flights/search?tfs=CBwQAhomEgoyMDI1LTEwLTE2MgJHOTICM0xqBwgBEgNTSEpyBwgBEgNCTFIaJhIKMjAyNS0xMC0yMzICRzkyAjNMagcIARIDQkxScgcIARIDU0hKQAFIAXABggELCP___________wGYAQE&hl=en&gl=IN&curr=USD,SHJ,BLR,ECO
https://www.google.com/travel/flights/search?tfs=CBwQAhomEgoyMDI1LTEwLTE2MgJHOTICM0xqBwgBEgNTSEpyBwgBEgNCT00aJhIKMjAyNS0xMC0yMzICRzkyAjNMagcIARIDQk9NcgcIARIDU0hKQAFIAXABggELCP___________wGYAQE&hl=en&gl=IN&curr=USD,SHJ,BOM,ECO
,,,
https://www.google.com/travel/flights/search?tfs=CBwQAhomEgoyMDI1LTEwLTE2MgJHOTICM0xqBwgBEgNTSEpyBwgBEgNDQUkaJhIKMjAyNS0xMC0yMzICRzkyAjNMagcIARIDQ0FJcgcIARIDU0hKQAFIAXABggELCP___________wGYAQE&hl=en&gl=IN&curr=USD,SHJ,CAI,ECO
,,,
,,,
,,,
https://www.google.com/travel/flights/search?tfs=CBwQAhomEgoyMDI1LTEwLTE2MgJHOTICM0xqBwgBEgNTSEpyBwgBEgNDQ0oaJhIKMjAyNS0xMC0yMzICRzkyAjNMagcIARIDQ0NKcgcIARIDU0hKQAFIAXABggELCP___________wGYAQE&hl=en&gl=IN&curr=USD,SHJ,CCJ,ECO
https://www.google.com/travel/flights/search?tfs=CBwQAhomEgoyMDI1LTEwLTE2MgJHOTICM0xqBwgBEgNTSEpyBwgBEgNDR1AaJhIKMjAyNS0xMC0yMzICRzkyAjNMagcIARIDQ0dQcgcIARIDU0hKQAFIAXABggELCP___________wGYAQE&hl=en&gl=IN&curr=USD,SHJ,CGP,ECO
https://www.google.com/travel/flights/search?tfs=CBwQAhomEgoyMDI1LTEwLTE2MgJHOTICM0xqBwgBEgNTSEpyBwgBEgNDSkIaJhIKMjAyNS0xMC0yMzICRzkyAjNMagcIARIDQ0pCcgcIARIDU0hKQAFIAXABggELCP___________wGYAQE&hl=en&gl=IN&curr=USD,SHJ,CJB,ECO
https://www.google.com/travel/flights/search?tfs=CBwQAhomEgoyMDI1LTEwLTE2MgJHOTICM0xqBwgBEgNTSEpyBwgBEgNDTUIaJhIKMjAyNS0xMC0yMzICRzkyAjNMagcIARIDQ01CcgcIARIDU0hKQAFIAXABggELCP___________wGYAQE&hl=en&gl=IN&curr=USD,SHJ,CMB,ECO
https://www.google.com/travel/flights/search?tfs=CBwQAhomEgoyMDI1LTEwLTE2MgJHOTICM0xqBwgBEgNTSEpyBwgBEgNDT0saJhIKMjAyNS0xMC0yMzICRzkyAjNMagcIARIDQ09LcgcIARIDU0hKQAFIAXABggELCP___________wGYAQE&hl=en&gl=IN&curr=USD,SHJ,COK,ECO
https://www.google.com/travel/flights/search?tfs=CBwQAhomEgoyMDI1LTEwLTE2MgJHOTICM0xqBwgBEgNTSEpyBwgBEgNEQUMaJhIKMjAyNS0xMC0yMzICRzkyAjNMagcIARIDREFDcgcIARIDU0hKQAFIAXABggELCP___________wGYAQE&hl=en&gl=IN&curr=USD,SHJ,DAC,ECO
https://www.google.com/travel/flights/search?tfs=CBwQAhomEgoyMDI1LTEwLTE2MgJHOTICM0xqBwgBEgNTSEpyBwgBEgNERUwaJhIKMjAyNS0xMC0yMzICRzkyAjNMagcIARIDREVMcgcIARIDU0hKQAFIAXABggELCP___________wGYAQE&hl=en&gl=IN&curr=USD,SHJ,DEL,ECO
https://www.google.com/travel/flights/search?tfs=CBwQAhomEgoyMDI1LTEwLTE2MgJHOTICM0xqBwgBEgNTSEpyBwgBEgNETUUaJhIKMjAyNS0xMC0yMzICRzkyAjNMagcIARIDRE1FcgcIARIDU0hKQAFIAXABggELCP___________wGYAQE&hl=en&gl=IN&curr=USD,SHJ,DME,ECO
https://www.google.com/travel/flights/search?tfs=CBwQAhomEgoyMDI1LTEwLTE2MgJHOTICM0xqBwgBEgNTSEpyBwgBEgNETU0aJhIKMjAyNS0xMC0yMzICRzkyAjNMagcIARIDRE1NcgcIARIDU0hKQAFIAXABggELCP___________wGYAQE&hl=en&gl=IN&curr=USD,SHJ,DMM,ECO
https://www.google.com/travel/flights/search?tfs=CBwQAhomEgoyMDI1LTEwLTE2MgJHOTICM0xqBwgBEgNTSEpyBwgBEgNET0gaJhIKMjAyNS0xMC0yMzICRzkyAjNMagcIARIDRE9IcgcIARIDU0hKQAFIAXABggELCP___________wGYAQE&hl=en&gl=IN&curr=USD,SHJ,DOH,ECO
https://www.google.com/travel/flights/search?tfs=CBwQAhomEgoyMDI1LTEwLTE2MgJHOTICM0xqBwgBEgNTSEpyBwgBEgNFQkwaJhIKMjAyNS0xMC0yMzICRzkyAjNMagcIARIDRUJMcgcIARIDU0hKQAFIAXABggELCP___________wGYAQE&hl=en&gl=IN&curr=USD,SHJ,EBL,ECO
https://www.google.com/travel/flights/search?tfs=CBwQAhomEgoyMDI1LTEwLTE2MgJHOTICM0xqBwgBEgNTSEpyBwgBEgNFTFEaJhIKMjAyNS0xMC0yMzICRzkyAjNMagcIARIDRUxRcgcIARIDU0hKQAFIAXABggELCP___________wGYAQE&hl=en&gl=IN&curr=USD,SHJ,ELQ,ECO
https://www.google.com/travel/flights/search?tfs=CBwQAhomEgoyMDI1LTEwLTE2MgJHOTICM0xqBwgBEgNTSEpyBwgBEgNFVk4aJhIKMjAyNS0xMC0yMzICRzkyAjNMagcIARIDRVZOcgcIARIDU0hKQAFIAXABggELCP___________wGYAQE&hl=en&gl=IN&curr=USD,SHJ,EVN,ECO
https://www.google.com/travel/flights/search?tfs=CBwQAhomEgoyMDI1LTEwLTE3MgJHOTICM0xqBwgBEgNTSEpyBwgBEgNHSVoaJhIKMjAyNS0xMC0yNDICRzkyAjNMagcIARIDR0lacgcIARIDU0hKQAFIAXABggELCP___________wGYAQE&hl=en&gl=IN&curr=USD,SHJ,GIZ,ECO
https://www.google.com/travel/flights/search?tfs=CBwQAhomEgoyMDI1LTEwLTE3MgJHOTICM0xqBwgBEgNTSEpyBwgBEgNHT1gaJhIKMjAyNS0xMC0yNDICRzkyAjNMagcIARIDR09YcgcIARIDU0hKQAFIAXABggELCP___________wGYAQE&hl=en&gl=IN&curr=USD,SHJ,GOI,ECO
https://www.google.com/travel/flights/search?tfs=CBwQAhomEgoyMDI1LTEwLTE4MgJHOTICM0xqBwgBEgNTSEpyBwgBEgNIQVMaJhIKMjAyNS0xMC0yNTICRzkyAjNMagcIARIDSEFTcgcIARIDU0hKQAFIAXABggELCP___________wGYAQE&hl=en&gl=IN&curr=USD,SHJ,HAS,ECO
https://www.google.com/travel/flights/search?tfs=CBwQAhomEgoyMDI1LTEwLTE4MgJHOTICM0xqBwgBEgNTSEpyBwgBEgNIQkUaJhIKMjAyNS0xMC0yNTICRzkyAjNMagcIARIDSEJFcgcIARIDU0hKQAFIAXABggELCP___________wGYAQE&hl=en&gl=IN&curr=USD,SHJ,HBE,ECO
https://www.google.com/travel/flights/search?tfs=CBwQAhomEgoyMDI1LTEwLTE3MgJHOTICM0xqBwgBEgNTSEpyBwgBEgNITUIaJhIKMjAyNS0xMC0yNTICRzkyAjNMagcIARIDSE1CcgcIARIDU0hKQAFIAXABggELCP___________wGYAQE&hl=en&gl=IN&curr=USD,SHJ,HMB,ECO
https://www.google.com/travel/flights/search?tfs=CBwQAhomEgoyMDI1LTEwLTE3MgJHOTICM0xqBwgBEgNTSEpyBwgBEgNIWUQaJhIKMjAyNS0xMC0yNTICRzkyAjNMagcIARIDSFlEcgcIARIDU0hKQAFIAXABggELCP___________wGYAQE&hl=en&gl=IN&curr=USD,SHJ,HYD,ECO
https://www.google.com/travel/flights/search?tfs=CBwQAhomEgoyMDI1LTEwLTE3MgJHOTICM0xqBwgBEgNTSEpyBwgBEgNJS0EaJhIKMjAyNS0xMC0yNTICRzkyAjNMagcIARIDSUtBcgcIARIDU0hKQAFIAXABggELCP___________wGYAQE&hl=en&gl=IN&curr=USD,SHJ,IKA,ECO
https://www.google.com/travel/flights/search?tfs=CBwQAhomEgoyMDI1LTEwLTE3MgJHOTICM0xqBwgBEgNTSEpyBwgBEgNKQUkaJhIKMjAyNS0xMC0yNTICRzkyAjNMagcIARIDSkFJcgcIARIDU0hKQAFIAXABggELCP___________wGYAQE&hl=en&gl=IN&curr=USD,SHJ,JAI,ECO
https://www.google.com/travel/flights/search?tfs=CBwQAhomEgoyMDI1LTEwLTE3MgJHOTICM0xqBwgBEgNTSEpyBwgBEgNKRUQaJhIKMjAyNS0xMC0yNTICRzkyAjNMagcIARIDSkVEcgcIARIDU0hKQAFIAXABggELCP___________wGYAQE&hl=en&gl=IN&curr=USD,SHJ,JED,ECO
https://www.google.com/travel/flights/search?tfs=CBwQAhomEgoyMDI1LTEwLTE3MgJHOTICM0xqBwgBEgNTSEpyBwgBEgNLSEkaJhIKMjAyNS0xMC0yNTICRzkyAjNMagcIARIDS0hJcgcIARIDU0hKQAFIAXABggELCP___________wGYAQE&hl=en&gl=IN&curr=USD,SHJ,KHI,ECO
https://www.google.com/travel/flights/search?tfs=CBwQAhomEgoyMDI1LTEwLTE3MgJHOTICM0xqBwgBEgNTSEpyBwgBEgNLVE0aJhIKMjAyNS0xMC0yNTICRzkyAjNMagcIARIDS1RNcgcIARIDU0hKQAFIAXABggELCP___________wGYAQE&hl=en&gl=IN&curr=USD,SHJ,KTM,ECO
,,,
https://www.google.com/travel/flights/search?tfs=CBwQAhomEgoyMDI1LTEwLTE3MgJHOTICM0xqBwgBEgNTSEpyBwgBEgNLV0kaJhIKMjAyNS0xMC0yNTICRzkyAjNMagcIARIDS1dJcgcIARIDU0hKQAFIAXABggELCP___________wGYAQE&hl=en&gl=IN&curr=USD,SHJ,KWI,ECO
https://www.google.com/travel/flights/search?tfs=CBwQAhomEgoyMDI1LTEwLTE3MgJHOTICM0xqBwgBEgNTSEpyBwgBEgNMUlIaJhIKMjAyNS0xMC0yNTICRzkyAjNMagcIARIDTFJScgcIARIDU0hKQAFIAXABggELCP___________wGYAQE&hl=en&gl=IN&curr=USD,SHJ,LRR,ECO
https://www.google.com/travel/flights/search?tfs=CBwQAhomEgoyMDI1LTEwLTE3MgJHOTICM0xqBwgBEgNTSEpyBwgBEgNMWVAaJhIKMjAyNS0xMC0yNTICRzkyAjNMagcIARIDTFlQcgcIARIDU0hKQAFIAXABggELCP___________wGYAQE&hl=en&gl=IN&curr=USD,SHJ,LYP,ECO
https://google.com/travel/flights/search?tfs=CBwQAhoiEgoyMDI1LTEwLTA1MgJHOWoHCAESA1NISnIHCAESA01DVBoiEgoyMDI1LTEwLTEzMgJHOWoHCAESA01DVHIHCAESA1NISkABSAFwAYIBCwj___________8BmAEB&hl=en&gl=IN&curr=USD,SHJ,MCT,ECO
,,,
,,,
,,,
,,,
https://www.google.com/travel/flights/search?tfs=CBwQAhoiEgoyMDI1LTEwLTEwMgJHOWoHCAESA1NISnIHCAESA01FRBoiEgoyMDI1LTEwLTE2MgJHOWoHCAESA01FRHIHCAESA1NISkABSAFwAYIBCwj___________8BmAEB&hl=en&gl=IN&curr=USS,"SHJ	",MED,ECO
https://www.google.com/travel/flights/search?tfs=CBwQAhoiEgoyMDI1LTEwLTEwMgJHOWoHCAESA1NISnIHCAESA01IRBoiEgoyMDI1LTEwLTE2MgJHOWoHCAESA01IRHIHCAESA1NISkABSAFwAYIBCwj___________8BmAEB&hl=en&gl=IN&curr=USD,"SHJ	",MHD,ECO
https://www.google.com/travel/flights/search?tfs=CBwQAhoiEgoyMDI1LTEwLTEwMgJHOWoHCAESA1NISnIHCAESA01VWBoiEgoyMDI1LTEwLTE2MgJHOWoHCAESA01VWHIHCAESA1NISkABSAFwAYIBCwj___________8BmAEB&hl=en&gl=IN&curr=,SHJ,MUX,ECO
https://www.google.com/travel/flights/search?tfs=CBwQAhoiEgoyMDI1LTEwLTAyMgJHOWoHCAESA1NISnIHCAESA05BRxoiEgoyMDI1LTEwLTA1MgJHOWoHCAESA05BR3IHCAESA1NISkABSAFwAYIBCwj___________8BmAEB&hl=en&gl=IN&curr=,SHJ,NAG,ECO
https://www.google.com/travel/flights/search?tfs=CBwQAhoiEgoyMDI1LTEwLTAyMgJHOWoHCAESA1NISnIHCAESA05CTxoiEgoyMDI1LTEwLTA1MgJHOWoHCAESA05CT3IHCAESA1NISkABSAFwAYIBCwj___________8BmAEB&hl=en&gl=IN&curr=,SHJ,NBO,ECO
https://www.google.com/travel/flights/search?tfs=CBwQAhoiEgoyMDI1LTEwLTAyMgJHOWoHCAESA1NISnIHCAESA05KRhoiEgoyMDI1LTEwLTA1MgJHOWoHCAESA05KRnIHCAESA1NISkABSAFwAYIBCwj___________8BmAEB&hl=en&gl=IN&curr=,SHJ,NJF,ECO
https://www.google.com/travel/flights/search?tfs=CBwQAhoiEgoyMDI1LTEwLTAyMgJHOWoHCAESA1NISnIHCAESA05KRhoiEgoyMDI1LTEwLTA1MgJHOWoHCAESA05KRnIHCAESA1NISkABSAFwAYIBCwj___________8BmAEB&hl=en&gl=IN&curr=,SHJ,OHS,ECO
https://www.google.com/travel/flights/search?tfs=CBwQAhoiEgoyMDI1LTEwLTA2MgJHOWoHCAESA1NISnIHCAESA1BFVxoiEgoyMDI1LTEwLTEzMgJHOWoHCAESA1BFV3IHCAESA1NISkABSAFwAYIBCwj___________8BmAEB&hl=en&gl=IN&curr=,SHJ,PEW,ECO
https://www.google.com/travel/flights/search?tfs=CBwQAhoiEgoyMDI1LTEwLTA2MgJHOWoHCAESA1NISnIHCAESA1JVSBoiEgoyMDI1LTEwLTEzMgJHOWoHCAESA1JVSHIHCAESA1NISkABSAFwAYIBCwj___________8BmAEB&hl=en&gl=IN&curr=,SHJ,RUH,ECO
https://www.google.com/travel/flights/search?tfs=CBwQAhoiEgoyMDI1LTEwLTA2MgJHOWoHCAESA1NISnIHCAESA1NBVxoiEgoyMDI1LTEwLTEzMgJHOWoHCAESA1NBV3IHCAESA1NISkABSAFwAYIBCwj___________8BmAEB&hl=en&gl=IN&curr=,SHJ,SAW,ECO
https://www.google.com/travel/flights/search?tfs=CBwQAhoiEgoyMDI1LTEwLTA2MgJHOWoHCAESA1NISnIHCAESA1NLVBoiEgoyMDI1LTEwLTEzMgJHOWoHCAESA1NLVHIHCAESA1NISkABSAFwAYIBCwj___________8BmAEB&hl=en&gl=IN&curr=,SHJ,SKT,ECO
https://www.google.com/travel/flights/search?tfs=CBwQAhoiEgoyMDI1LTEwLTA2MgJHOWoHCAESA1NISnIHCAESA1NMTBoiEgoyMDI1LTEwLTEzMgJHOWoHCAESA1NMTHIHCAESA1NISkABSAFwAYIBCwj___________8BmAEB&hl=en&gl=IN&curr=,SHJ,SLL,ECO
https://www.google.com/travel/flights/search?tfs=CBwQAhoiEgoyMDI1LTEwLTA2MgJHOWoHCAESA1NISnIHCAESA1NZWhoiEgoyMDI1LTEwLTEzMgJHOWoHCAESA1NZWnIHCAESA1NISkABSAFwAYIBCwj___________8BmAEB&hl=en&gl=IN&curr=,SHJ,SYZ,ECO
https://www.google.com/travel/flights/search?tfs=CBwQAhoiEgoyMDI1LTEwLTA4MgJHOWoHCAESA1NISnIHCAESA1RCUxoiEgoyMDI1LTEwLTE2MgJHOWoHCAESA1RCU3IHCAESA1NISkABSAFwAYIBCwj___________8BmAEB&hl=en&gl=IN&curr=,SHJ,TBS,ECO
https://www.google.com/travel/flights/search?tfs=CBwQAhoiEgoyMDI1LTEwLTA4MgJHOWoHCAESA1NISnIHCAESA1RJRhoiEgoyMDI1LTEwLTE2MgJHOWoHCAESA1RJRnIHCAESA1NISkABSAFwAYIBCwj___________8BmAEB&hl=en&gl=IN&curr=,SHJ,TIF,ECO
https://www.google.com/travel/flights/search?tfs=CBwQAhoiEgoyMDI1LTEwLTA2MgJHOWoHCAESA1NISnIHCAESA1RSVhoiEgoyMDI1LTEwLTEzMgJHOWoHCAESA1RSVnIHCAESA1NISkABSAFwAYIBCwj___________8BmAEB&hl=en&gl=IN&curr=,SHJ,TRV,ECO
https://www.google.com/travel/flights/search?tfs=CBwQAhoiEgoyMDI1LTEwLTAyMgJHOWoHCAESA1NISnIHCAESA1RVVRoiEgoyMDI1LTEwLTA3MgJHOWoHCAESA1RVVXIHCAESA1NISkABSAFwAYIBCwj___________8BmAEB&hl=en&gl=IN&curr=,SHJ,TUU,ECO
https://www.google.com/travel/flights/search?tfs=CBwQAhoiEgoyMDI1LTEwLTA4MgJHOWoHCAESA1NZWnIHCAESA1NIShoiEgoyMDI1LTEwLTEzMgJHOWoHCAESA1NISnIHCAESA1NZWkABSAFwAYIBCwj___________8BmAEB&hl=en&gl=IN&curr=,SYZ,SHJ,ECO
https://www.google.com/travel/flights/search?tfs=CBwQAhoiEgoyMDI1LTEwLTA4MgJHOWoHCAESA1RCU3IHCAESA1NIShoiEgoyMDI1LTEwLTEzMgJHOWoHCAESA1NISnIHCAESA1RCU0ABSAFwAYIBCwj___________8BmAEB&hl=en&gl=IN&curr=,TBS,SHJ,ECO
https://www.google.com/travel/flights/search?tfs=CBwQAhoiEgoyMDI1LTEwLTA4MgJHOWoHCAESA1RJRnIHCAESA1NIShoiEgoyMDI1LTEwLTEzMgJHOWoHCAESA1NISnIHCAESA1RJRkABSAFwAYIBCwj___________8BmAEB&hl=en&gl=IN&curr=,TIF,SHJ,ECO
https://www.google.com/travel/flights/search?tfs=CBwQAhoiEgoyMDI1LTEwLTA4MgJHOWoHCAESA1RSVnIHCAESA1NIShoiEgoyMDI1LTEwLTEzMgJHOWoHCAESA1NISnIHCAESA1RSVkABSAFwAYIBCwj___________8BmAEB&hl=en&gl=IN&curr=,TRV,SHJ,ECO
https://www.google.com/travel/flights/search?tfs=CBwQAhoiEgoyMDI1LTEwLTA1MgJHOWoHCAESA1RVVXIHCAESA1NIShoiEgoyMDI1LTEwLTEyMgJHOWoHCAESA1NISnIHCAESA1RVVUABSAFwAYIBCwj___________8BmAEB&hl=en&gl=IN&curr=,TUU,SHJ,ECO
https://www.google.com/travel/flights/search?tfs=CBwQAhoiEgoyMDI1LTEwLTA2MgJHOWoHCAESA1VFVHIHCAESA1NIShoiEgoyMDI1LTEwLTEwMgJHOWoHCAESA1NISnIHCAESA1VFVEABSAFwAYIBCwj___________8BmAEB&hl=en&gl=IN&curr=,UET,SHJ,ECO
https://www.google.com/travel/flights/search?tfs=CBwQAhoiEgoyMDI1LTEwLTA2MgJHOWoHCAESA1lOQnIHCAESA1NIShoiEgoyMDI1LTEwLTEwMgJHOWoHCAESA1NISnIHCAESA1lOQkABSAFwAYIBCwj___________8BmAEB&hl=en&gl=IN&curr=,YNB,SHJ,ECO
https://www.google.com/travel/flights/search?tfs=CBwQAhoiEgoyMDI1LTAxLTE3MgJHOWoHCAESA1NMTHIHCAESA1NIShoiEgoyMDI1LTAxLTIxMgJHOWoHCAESA1NISnIHCAESA1NMTEABSAFwAYIBCwj___________8BmAEB&hl=en&gl=IN&curr=,SLL,SHJ,ECO
,,,
https://www.google.com/travel/flights/search?tfs=CBwQAhoiEgoyMDI1LTEwLTA3MgJHOWoHCAESA1NISnIHCAESA01BQRoiEgoyMDI1LTEwLTI2MgJHOWoHCAESA01BQXIHCAESA1NISkABSAFwAYIBCwj___________8BmAEB&curr=USD,SHJ,MAA,ECO
https://www.google.com/travel/flights/search?tfs=CBwQAhoiEgoyMDI1LTEwLTEwMgJHOWoHCAESA1NISnIHCAESA1VFVBoiEgoyMDI1LTEwLTI0MgJHOWoHCAESA1VFVHIHCAESA1NISkABSAFwAYIBCwj___________8BmAEB&curr=USD,SHJ,UET,ECO
https://www.google.com/travel/flights/search?tfs=CBwQAhoiEgoyMDI1LTEwLTA4MgJHOWoHCAESA1NISnIHCAESA01FRBoiEgoyMDI1LTEwLTE3MgJHOWoHCAESA01FRHIHCAESA1NISkABSAFwAYIBCwj___________8BmAEB&curr=USD,SHJ,MED,ECO
https://www.google.com/travel/flights/search?tfs=CBwQAhoiEgoyMDI1LTEwLTA2MgJHOWoHCAESA1NISnIHCAESA1lOQhoiEgoyMDI1LTEwLTE3MgJHOWoHCAESA1lOQnIHCAESA1NISkABSAFwAYIBCwj___________8BmAEB&curr=USD,SHJ,YNB,ECO
https://www.google.com/travel/flights/search?tfs=CBwQAhoiEgoyMDI1LTEwLTEzMgJHOWoHCAESA1NISnIHCAESA01IRBoiEgoyMDI1LTEwLTE4MgJHOWoHCAESA01IRHIHCAESA1NISkABSAFwAYIBCwj___________8BmAEB&curr=USD,SHJ,MHD,ECO
https://www.google.com/travel/flights/search?tfs=CBwQAhoiEgoyMDI1LTEwLTEzMgJHOWoHCAESA1NLVHIHCAESA1NIShoiEgoyMDI1LTEwLTIwMgJHOWoHCAESA1NISnIHCAESA1NLVEABSAFwAYIBCwj___________8BmAEB&hl=en&gl=IN&curr=USD,SKT,SHJ,ECO
https://www.google.com/travel/flights/search?tfs=CBwQAhoiEgoyMDI1LTEwLTEyMgJHOWoHCAESA0RNRXIHCAESA1NIShoiEgoyMDI1LTEwLTE2MgJHOWoHCAESA1NISnIHCAESA0RNRUABSAFwAYIBCwj___________8BmAEB&hl=en&gl=IN&curr=USD,DME,SHJ,ECO
